Country Name,Country Code,GNI,Percent_Of_Educate,CPIA,Percent_Energy,Female_Labor_Percent,Poor_Percent,Per_Water,Gini,Malnutrition,ISO3,CPI score 2021,port,country_x,Value,country_y
阿鲁巴,ABW,36750.0,22.8549900054932,,,,,,,,,,,,1.162857142857143,ABW
,AFE,3742.612950230648,18.556805610656752,3.283333333333333,-31.65542611837299,47.37204714073312,,,,26.05202017552597,,,,,,
阿富汗,AFG,2190.0,17.0675601959229,2.7,,22.07381520807965,,,,28.2,AFG,16.0,,,0.5438461538461539,AFG
,AFW,4177.241642369067,17.6112308502197,3.3,-76.48616005650476,45.70229638655517,,,,14.632073723985863,,,,,,
安哥拉,AGO,7680.0,9.86478042602539,2.8,-540.9974712296487,49.76087655123116,,,,24.4,AGO,29.0,1.0,AGO,0.785,AGO
阿尔巴尼亚,ALB,13830.0,,,33.26028861811847,43.88984685676844,,,,4.9,ALB,35.0,,,1.0980952380952382,ALB
阿拉伯联盟国家,ARB,16026.859780476083,,2.96,-164.53920470097145,21.998912856176478,,,,14.007925714560225,,,,,,
阿拉伯联合酋长国,ARE,73740.0,,,-181.45959229882104,17.507501103967734,,,,6.3,ARE,69.0,2.0,ARE,0.98375,ARE
阿根廷,ARG,23000.0,15.1585597991943,,13.02936074290009,43.21600458794689,1.5,,43.6,3.9,ARG,38.0,8.0,ARG,1.142,ARG
亚美尼亚,ARM,14420.0,12.5933399200439,4.1,72.70666159921605,47.191070110701105,1.8,,34.4,4.3,ARM,49.0,,,1.091764705882353,ARM
安提瓜和巴布达,ATG,21340.0,,,,,,,,,,,,,1.0544444444444443,ATG
澳大利亚,AUS,52240.0,14.3240003585815,,-143.73862049554484,46.7867180066848,0.5,,34.7,2.5,AUS,73.0,12.0,AUS,1.0450000000000002,AUS
奥地利,AUT,57870.0,10.9884901046753,,65.3854438379604,46.93377296451258,0.7,,30.8,2.5,AUT,74.0,,,1.006875,AUT
阿塞拜疆,AZE,16940.0,10.5025300979614,3.8,-310.3846943892358,49.312461338717775,,,,2.5,AZE,30.0,,,1.033125,AZE
布隆迪,BDI,840.0,27.4972400665283,3.6,,51.761395653054834,,,,,BDI,19.0,,,0.8233333333333334,BDI
比利时,BEL,54790.0,12.3507099151611,,80.09179196696829,46.64134886282119,0.2,,28.4,2.5,BEL,73.0,3.0,BEL,1.102777777777778,BEL
贝宁,BEN,3470.0,26.1439609527588,3.5,46.59070712762667,49.56708203801018,,,,8.5,BEN,42.0,1.0,BEN,0.6592307692307693,BEN
布基纳法索,BFA,2150.0,22.661169052124,3.7,,44.99014529990325,,,,14.4,BFA,42.0,,,0.7535000000000001,BFA
孟加拉国,BGD,5390.0,21.0,3.6,17.7915866489742,30.87458394888615,19.2,,32.4,15.7,BGD,26.0,1.0,BGD,0.98,BGD
保加利亚,BGR,24150.0,12.7309503555298,,40.74864321677206,46.641583559091195,3.4,,41.3,4.3,BGR,42.0,2.0,BGR,1.0627777777777778,BGR
巴林,BHR,49600.0,,,-58.33063562087404,21.667245608079995,,,,,BHR,42.0,1.0,BHR,1.1726315789473685,BHR
巴哈马,BHS,36180.0,,,,50.212868084395936,,,,,BHS,64.0,,,1.105,BHS
波斯尼亚和黑塞哥维那,BIH,15720.0,,3.7,35.372746570174,40.442539526111446,,,,2.5,BIH,35.0,,,1.33,BIH
白俄罗斯,BLR,19500.0,13.2640399932861,,86.77969892703159,49.68896583301073,0.0,,28.6,2.5,BLR,41.0,,,1.0686666666666669,BLR
伯利兹,BLZ,7170.0,22.7557792663574,,,38.873982419861115,,,,8.1,,,,,1.1135,BLZ
百慕大,BMU,86450.0,12.9342403411865,,,,,,,,,,,,1.227,BMU
玻利维亚,BOL,8910.0,,3.8,-147.91240013560082,44.44759866286452,,,,20.3,BOL,30.0,,,0.9838461538461538,BOL
巴西,BRA,15430.0,16.5049095153809,,13.890819183635635,43.837288066482564,,,,3.9,BRA,38.0,11.0,BRA,1.0891666666666666,BRA
巴巴多斯,BRB,15740.0,18.5185508728027,,,49.854489371689134,,,,4.8,BRB,65.0,,,1.0453846153846154,BRB
文莱达鲁萨兰国,BRN,86130.0,11.4419498443604,,-357.3943791761478,42.94227663428451,,,,2.5,BRN,,,,1.131578947368421,BRN
不丹,BTN,11250.0,25.5244808197021,4.1,,45.68085166570801,,,,,BTN,68.0,,,0.9485714285714286,BTN
博茨瓦纳,BWA,16980.0,,,53.8457969759413,49.44051585449822,,,,31.5,BWA,55.0,,,1.066,BWA
中非共和国,CAF,1110.0,9.79780960083008,2.6,,45.534149120240016,,,,49.9,CAF,24.0,,,0.605,CAF
加拿大,CAN,49140.0,12.3359603881836,,-51.37487379844099,47.50117139064231,0.5,,33.8,2.5,CAN,74.0,5.0,CAN,1.0688235294117647,CAN
中歐和波羅的海,CEB,32835.18218658818,11.546480178833,,37.69592664275682,45.20968815743216,,,,2.7411546106996614,,,,,,
瑞士,CHE,69440.0,15.5266599655151,,51.780828025888646,46.79437255010701,0.0,,33.1,2.5,CHE,84.0,,,0.9588888888888888,CHE
智利,CHL,24550.0,21.3795299530029,,70.61266250239775,42.43970261824476,,,,3.6,CHL,67.0,10.0,CHL,1.009375,CHL
中国,CHN,17090.0,14.4071702957153,,15.021800740113905,44.804092412804366,11.2,,43.7,2.5,CHN,45.0,13.0,CHN,1.0328571428571427,CHN
中国,CHN,17090.0,14.4071702957153,,15.021800740113905,44.804092412804366,11.2,,43.7,2.5,CHN,45.0,2.0,CHN,1.0328571428571427,CHN
科特迪瓦,CIV,5300.0,22.7727508544922,3.5,7.0775386886228935,40.96788614491273,,,,22.3,CIV,36.0,1.0,CIV,,
喀麦隆,CMR,3820.0,18.7538890838623,3.2,-20.647901475569853,46.85572465375516,,,,7.6,CMR,27.0,1.0,CMR,0.834,CMR
刚果（金）,COD,1110.0,16.1747398376465,3.2,1.9592673013969177,48.540152657180805,,,,41.7,COD,19.0,,,0.76,COD
刚果（布）,COG,6020.0,24.7277793884277,3.0,-464.55872061950043,49.946893851501265,,,,37.7,COG,21.0,1.0,COG,0.874,COG
哥伦比亚,COL,15320.0,16.2627296447754,,-239.49373490998101,43.27610554037528,7.8,,54.6,13.1,COL,39.0,5.0,COL,1.0552380952380953,COL
科摩罗,COM,3140.0,,2.9,,37.529015520458785,,,,,COM,20.0,,,0.966,COM
佛得角,CPV,7310.0,17.8430099487305,4.3,,43.81061968340337,,,,17.0,CPV,58.0,,,1.1053333333333335,CPV
哥斯达黎加,CRI,21150.0,30.1514205932617,,49.834183800871344,40.75801793904078,1.7,,49.3,4.3,CRI,58.0,2.0,CRI,1.0661111111111112,CRI
加勒比小国,CSS,16098.89266618691,17.59129476547245,3.64,-78.4108039231565,44.24626827207652,,,,8.551993800251802,,,,,,
库拉索,CUW,27100.0,,,99.88641977550571,,,,,,,,,,,
开曼群岛,CYM,61850.0,,,,,,,,,,,,,0.9675,CYM
塞浦路斯,CYP,40390.0,16.4027805328369,,96.35067157026708,46.37990791906062,0.1,,37.0,6.2,CYP,53.0,1.0,CYP,1.04,CYP
捷克共和国,CZE,40260.0,13.971489906311,,31.62369863145948,44.62971690431109,0.0,,26.6,2.5,CZE,54.0,,,1.073888888888889,CZE
德国,DEU,57460.0,11.2301797866821,,62.093783982408,46.981797572036506,0.0,,31.9,2.5,DEU,80.0,5.0,DEU,0.97,DEU
多米尼克,DMA,12680.0,,3.7,,,,,,5.6,DMA,55.0,,,1.028888888888889,DMA
丹麦,DNK,62260.0,15.3363304138184,,4.908089604394314,47.478677272233305,0.3,,28.7,2.5,DNK,88.0,2.0,DNK,1.0911111111111111,DNK
多米尼加共和国,DOM,18310.0,25.9316005706787,,87.23523702719321,40.61926734211752,2.9,,47.7,12.3,DOM,30.0,,,1.08,DOM
阿尔及利亚,DZA,13360.0,,,-177.1243579137855,20.118808171660486,,,,4.6,DZA,33.0,2.0,DZA,1.10125,DZA
东亚与太平洋地区（不包括高收入）,EAP,15028.238710179512,16.0162200927734,3.2636363636363637,7.700382741098966,44.05885071272124,,,,5.974031331029481,,,,,,
早人口紅利,EAR,9512.810450923984,17.1334352493286,3.441379310344828,30.5365337775948,30.35506044719751,,,,13.630186926898189,,,,,,
东亚与太平洋地区,EAS,18454.61549128226,16.21829986572265,3.2636363636363637,44.72169772619257,44.07904675554155,10.8,,,5.639459056136542,,,,,,
欧洲与中亚地区（不包括高收入）,ECA,22599.67125201639,13.772500038147001,3.755555555555556,75.2078800411834,44.831149330661084,,,,2.9526987449595112,,,,,,
欧洲与中亚地区,ECS,36457.22787449231,12.3531198501587,3.755555555555556,42.66328688728521,45.48592584660762,2.4,,,2.710476418946736,,,,,,
厄瓜多尔,ECU,11530.0,12.9965600967407,,-114.71213819645737,41.51021217529248,5.7,,48.8,12.4,ECU,36.0,3.0,ECU,1.0353846153846151,ECU
阿拉伯埃及共和国,EGY,12220.0,,,-4.970103110131872,24.780643515875823,3.8,,31.8,5.4,EGY,33.0,5.0,EGY,0.96375,EGY
欧洲货币联盟,EMU,49169.15567391784,12.095095157623302,,60.47083201672666,46.47432015680424,,,,2.554319748120276,,,,,,
厄立特里亚,ERI,1610.0,,2.8,22.536109619858383,46.807442177584306,,,,,ERI,22.0,,,0.7326666666666667,ERI
西班牙,ESP,41790.0,10.6098098754883,,74.55708298634062,46.6579077693169,1.2,,36.2,2.5,ESP,61.0,16.0,ESP,1.0683333333333334,ESP
爱沙尼亚,EST,37520.0,13.6427898406982,,12.313255973487808,49.438152940591365,1.0,,35.1,2.5,EST,74.0,1.0,EST,1.1144444444444443,EST
埃塞俄比亚,ETH,2410.0,30.5395393371582,3.8,5.9263144174666005,46.725855847548225,35.6,,35.0,27.6,ETH,39.0,,,0.6790909090909091,ETH
欧洲联盟,EUU,46143.74221964183,12.025239944458,,54.703504516089424,46.08449254538394,,,,2.556014992188812,,,,,,
脆弱和受衝突影響的情況下,FCS,4480.333174346841,16.1652793884277,2.981481481481481,-83.52539599527644,42.26445938437012,39.6,,,22.404962384579555,,,,,,
芬兰,FIN,51400.0,12.893159866333,,52.23543393148936,48.25465122652536,0.1,,27.7,2.5,FIN,88.0,9.0,FIN,1.0822222222222222,FIN
斐济,FJI,13260.0,20.8386993408203,,,35.55951259408032,,,,6.4,FJI,55.0,,,1.025,FJI
法国,FRA,50130.0,,,48.16346592374847,48.44955010304962,0.1,,33.7,2.5,FRA,71.0,7.0,FRA,1.0633333333333337,FRA
密克罗尼西亚联邦,FSM,4020.0,,,,,,,,,,,,,0.9975,FSM
加蓬,GAB,14570.0,16.0584392547607,,-205.164809242153,40.27190694606829,,,,17.3,GAB,31.0,,,0.92,GAB
英国,GBR,48760.0,13.7612800598145,,42.32391728642839,47.561246574150765,0.4,,35.1,2.5,GBR,78.0,11.0,GBR,1.087058823529412,GBR
格鲁吉亚,GEO,14930.0,,4.2,70.3371527589433,46.382246040240005,12.0,,39.6,8.7,GEO,55.0,1.0,GEO,1.0595,GEO
加纳,GHA,5930.0,37.5209617614746,4.0,45.90799648005504,47.276767431645176,,,,7.7,GHA,43.0,2.0,GHA,0.8811764705882353,GHA
几内亚,GIN,2580.0,15.7688598632813,3.4,,53.709756517531574,,,,,GIN,25.0,1.0,GIN,0.5233333333333333,GIN
冈比亚,GMB,2390.0,17.6112308502197,3.5,,43.85385337308876,25.4,,43.6,13.6,GMB,37.0,,,0.9027272727272728,GMB
几内亚比绍共和国,GNB,2060.0,16.1913795471191,2.7,,47.51366040759877,68.4,,50.7,,GNB,21.0,,,0.75,GNB
赤道几内亚,GNQ,24910.0,,,,38.912055632891594,,,,,GNQ,17.0,,,0.9225,GNQ
希腊,GRC,30080.0,,,65.82322603507347,44.22622300252444,1.5,,36.3,2.5,GRC,49.0,3.0,GRC,0.9964705882352942,GRC
格林纳达,GRD,15880.0,,3.9,,,,,,,GRD,53.0,,,1.0257142857142856,GRD
危地马拉,GTM,8850.0,24.0855007171631,,32.84420957721554,34.49455153236387,,,,17.7,GTM,25.0,3.0,GTM,0.9635714285714286,GTM
圭亚那,GUY,16610.0,18.735689163208,3.4,,39.24795280760148,,,,7.3,GUY,39.0,,,1.125,GUY
高收入国家,HIC,52561.698944002244,13.0209846496582,,20.518379034740374,44.5017433559525,0.7,,,2.73298586234925,,,,,,
中国香港特别行政区,HKG,65500.0,20.6210594177246,,99.32034656680888,50.10746620288139,,,,2.5,HKG,76.0,,,1.03,HKG
洪都拉斯,HND,5520.0,,3.8,52.99643628878778,38.15508495765906,19.0,,53.4,15.9,HND,23.0,2.0,HND,1.1286666666666667,HND
重债穷国 (HIPC),HPC,2646.912171097738,17.548059463501,3.2368421052631575,-9.815368057877098,45.44709241477183,,,,25.289855503559803,,,,,,
克罗地亚,HRV,30120.0,9.46037006378174,,51.11390986537299,46.68283136712083,1.2,,32.5,2.5,HRV,47.0,1.0,HRV,1.0861111111111112,HRV
海地,HTI,3250.0,,2.7,22.015869961956504,48.668086253149156,,,,48.0,HTI,20.0,,,0.95,HTI
匈牙利,HUN,32630.0,10.0750398635864,,57.66670547678735,46.303622686036775,1.3,,31.5,2.5,HUN,43.0,,,1.07,HUN
只有IBRD,IBD,13707.526343433574,14.94863510131835,3.85,31.11905966016224,37.81265655924049,,,,8.429862910446236,,,,,,
IBRD与IDA,IBT,11154.846970552377,15.872620105743401,3.3324675324675326,31.119059660162232,38.37918288780863,,,,10.686986646573278,,,,,,
IDA總,IDA,3787.777332706262,16.5964698791504,3.2767123287671227,-19.046948392992622,40.61835382337861,35.8,,,18.83097258669104,,,,,,
IDA混合,IDB,5015.589308021133,16.4803204536438,3.473333333333333,-38.95621531184478,37.68734079166112,,,,14.113942033862333,,,,,,
印度尼西亚,IDN,11940.0,21.0787792205811,,-79.04613071006996,39.491376786334456,13.3,,40.0,13.0,IDN,38.0,2.0,IDN,0.98,IDN
只有IDA,IDX,3194.7792375554295,16.946784973144553,3.255769230769231,4.966232234198398,42.44771121213073,,,,22.106905795994034,,,,,,
印度,IND,6930.0,14.0501804351807,3.7,34.305523751201925,23.428891426513733,,,,16.0,IND,40.0,9.0,IND,0.9415789473684212,IND
爱尔兰,IRL,70910.0,13.5666399002075,,90.42999776114273,45.847997477136545,0.7,,33.5,2.5,IRL,74.0,2.0,IRL,1.0516666666666667,IRL
伊朗伊斯兰共和国,IRN,18010.0,21.6735000610352,,-33.39527219269894,19.69652921696396,,,,6.3,IRN,25.0,2.0,IRN,0.9592857142857144,IRN
伊拉克,IRQ,15470.0,,,-218.5695966739171,16.76757473359158,,,,38.4,IRQ,23.0,,,0.6,IRQ
冰岛,ISL,57770.0,17.2171592712402,,11.55755169241199,47.53329571982422,0.1,,27.8,2.5,ISL,74.0,1.0,ISL,1.1416666666666666,ISL
以色列,ISR,39880.0,15.7010803222656,,86.59501601677016,47.86878290092323,0.5,,42.5,2.5,ISR,59.0,3.0,ISR,1.096666666666667,ISR
意大利,ITA,44720.0,8.79574012756348,,81.00267181727541,42.8147709978699,1.9,,35.9,2.5,ITA,56.0,12.0,ITA,1.0750000000000002,ITA
牙买加,JAM,9910.0,21.7974891662598,,82.65261778479541,46.05823578444812,,,,10.1,JAM,44.0,1.0,JAM,1.1455555555555557,JAM
约旦,JOR,10500.0,12.1501598358154,,96.81229729348095,20.877831400858845,0.1,,33.7,9.5,JOR,49.0,1.0,JOR,1.0476470588235294,JOR
日本,JPN,44260.0,,,93.98125951657957,44.24421622139044,0.7,,32.9,2.7,JPN,73.0,8.0,JPN,,
哈萨克斯坦,KAZ,24410.0,,,-107.23476107278029,48.884846297309956,0.1,,28.2,3.5,KAZ,37.0,,,1.0777777777777775,KAZ
肯尼亚,KEN,4570.0,20.5559902191162,3.7,19.216395325050758,49.46480290823953,,,,24.9,KEN,30.0,1.0,KEN,0.8457142857142858,KEN
吉尔吉斯斯坦,KGZ,5100.0,18.1950092315674,3.8,57.69746594880806,41.770939157113844,2.8,,30.1,8.3,KGZ,27.0,,,1.073,KGZ
柬埔寨,KHM,4310.0,9.59706974029541,3.5,33.116297507867905,50.28065910963394,,,,13.3,KHM,23.0,1.0,KHM,0.8135714285714286,KHM
基里巴斯,KIR,4860.0,,3.3,,,,,,5.6,,,,,1.086666666666667,KIR
圣基茨和尼维斯,KNA,28600.0,,,,,,,,,,,,,1.0675,KNA
大韩民国,KOR,45620.0,,,83.4730685229819,42.37866668898068,0.5,,32.0,2.5,KOR,62.0,4.0,KOR,0.9066666666666668,KOR
科威特,KWT,87030.0,,,-319.47316868179,27.611600308169454,,,,2.5,KWT,43.0,2.0,KWT,1.189375,KWT
拉丁美洲与加勒比海地区（不包括高收入）,LAC,15550.095838896403,17.9047145843506,3.5555555555555554,-4.666485312736533,42.04406308115564,,,,7.546769272598682,,,,,,
老挝,LAO,7800.0,13.341010093689,3.5,,50.03252051882215,,,,16.0,LAO,30.0,,,0.8766666666666667,LAO
黎巴嫩,LBN,15980.0,9.89828968048096,,97.86553521755464,24.921713950567348,,,,14.9,LBN,24.0,1.0,LBN,,
利比里亚,LBR,1420.0,,3.1,,47.28054502274641,,,,38.9,LBR,29.0,1.0,LBR,0.7975,LBR
利比亚,LBY,29880.0,,,-102.96411204291927,35.76117313356072,,,,,LBY,17.0,,,1.09,LBY
圣卢西亚,LCA,14990.0,21.975700378418,3.9,,47.81294811706622,,,,,LCA,56.0,,,1.1952941176470588,LCA
拉丁美洲与加勒比海地区,LCN,16031.843642598962,17.577299118042,3.5555555555555554,6.611815932493566,41.85059622526006,6.0,,,7.722481003061713,,,,,,
最不发达国家：联合国分类,LDC,3099.152106258532,16.1728191375732,3.197674418604652,-33.48756623127319,43.03042246452962,,,,22.91561676621539,,,,,,
低收入国家,LIC,2014.4656224974908,16.33836460113525,3.169565217391304,-10.992737132779514,44.16890060510722,49.1,,,29.027281147577728,,,,,,
斯里兰卡,LKA,13230.0,17.728759765625,3.7,50.268492453942045,35.31929280837198,,,,11.3,LKA,37.0,1.0,LKA,1.1286666666666667,LKA
中低等收入国家,LMC,7325.587278285888,17.0810298919678,3.368292682926829,-12.019596219422327,31.899468801083245,23.6,,,14.051506877952827,,,,,,
中低收入国家,LMY,10883.97879666416,15.926830291748,3.332467532467532,28.00817540414526,38.38336720009709,19.2,,,10.941525106341047,,,,,,
莱索托,LSO,3440.0,,3.5,,46.35992783517001,,,,29.9,LSO,38.0,,,1.1942857142857142,LSO
後期人口紅利,LTE,18011.858597173683,14.48905515670775,3.7818181818181817,42.152562658038576,44.37114912553123,,,,4.144648468815925,,,,,,
立陶宛,LTU,37760.0,13.5359697341919,,78.99874734250032,50.75115514895438,1.5,,38.4,2.5,LTU,61.0,1.0,LTU,1.093888888888889,LTU
卢森堡,LUX,82980.0,,,97.29440497431402,46.42839539640683,0.3,,35.4,2.5,LUX,81.0,,,1.0386666666666666,LUX
拉脱维亚,LVA,31460.0,18.7440204620361,,56.14114653491664,50.42124043267269,1.6,,35.8,2.5,LVA,59.0,3.0,LVA,1.106470588235294,LVA
中国澳门特别行政区,MAC,128420.0,22.3286094665527,,,49.707191440225465,,,,13.8,,,,,1.0205555555555557,MAC
摩洛哥,MAR,7710.0,,,90.9405998998956,26.87849078908997,,,,5.5,MAR,39.0,2.0,MAR,0.8995,MAR
摩尔多瓦,MDA,14280.0,22.2670097351074,4.1,93.81178400691819,49.253079257499394,0.5,,32.1,,MDA,36.0,,,1.0809523809523809,MDA
马达加斯加,MDG,1630.0,,3.6,,49.12625807412092,78.8,,42.6,43.2,MDG,26.0,,,0.9676470588235294,MDG
马尔代夫,MDV,18310.0,12.4059295654297,3.9,,31.221371933077783,,,,,MDV,40.0,,,1.072,MDV
中东与北非地区,MEA,18071.200487116985,,3.2,64.96736332553556,21.250671110498,7.0,,,10.6503528947622,,,,,,
墨西哥,MEX,19550.0,19.0187492370605,,-4.666485312736533,38.43918556511517,4.5,,48.7,7.2,MEX,31.0,6.0,MEX,1.0061111111111112,MEX
马绍尔群岛,MHL,5190.0,,,,,,,,,,,,,1.0671428571428572,MHL
中等收入国家,MIC,11882.243680678228,15.8756952285767,3.422222222222223,28.00817540414526,37.815723594704636,,,,9.52280844380542,,,,,,
北马其顿,MKD,16750.0,,,51.77099873997075,40.75259293716002,10.4,,40.2,3.7,MKD,39.0,,,1.0616666666666663,MKD
马里,MLI,2330.0,22.4033794403076,3.6,,44.1702006874127,,,,10.4,MLI,29.0,,,0.6839999999999999,MLI
马耳他,MLT,42480.0,18.9048004150391,,99.41771038014868,42.78209513076289,0.2,,29.4,2.5,MLT,54.0,1.0,MLT,1.068095238095238,MLT
缅甸,MMR,4980.0,13.8000001907349,,-32.970794069021416,42.16231456936402,,,,13.1,MMR,28.0,,,1.0618181818181818,MMR
中东与北非地区（不包括高收入）,MNA,11246.214354505362,,3.2,-54.77227438173024,21.354649314082,,,,11.824046742182286,,,,,,
黑山,MNE,23360.0,,,35.549471829109265,45.41106775947058,,,,2.5,MNE,46.0,,,1.0823529411764703,MNE
蒙古,MNG,11570.0,20.4833507537842,3.8,-168.09339324974732,46.31434398437692,0.7,,33.9,19.1,MNG,35.0,,,1.128125,MNG
莫桑比克,MOZ,1330.0,19.9460105895996,3.5,-22.55164379017509,53.46073021064138,,,,31.5,MOZ,26.0,1.0,MOZ,0.7655555555555557,MOZ
毛里塔尼亚,MRT,5500.0,,3.6,,31.08586036493926,,,,9.1,MRT,28.0,,,0.7880952380952382,MRT
毛里求斯,MUS,26790.0,20.905179977417,,84.5422889477177,39.570878662185855,,,,6.2,MUS,54.0,1.0,MUS,1.0588888888888888,MUS
马拉维,MWI,1560.0,21.7978992462158,3.6,,48.870577051443,71.1,,45.5,17.3,MWI,35.0,,,0.8564705882352941,MWI
马来西亚,MYS,28850.0,21.3158206939697,,-5.505028940595212,38.60542036875218,,,,3.8,MYS,48.0,,,1.1055555555555554,MYS
北美,NAC,64330.314321009515,12.3359603881836,,14.351093030028691,46.41980443530039,,,,2.5,,,,,,
纳米比亚,NAM,10620.0,26.3903999328613,,75.30615264766118,49.88713292273301,,,,32.7,NAM,49.0,1.0,NAM,1.1416666666666666,NAM
尼日尔,NER,1330.0,21.6615009307861,3.4,19.71719245846556,44.13856037187923,,,,,NER,31.0,,,0.646875,NER
尼日利亚,NGA,5320.0,,3.5,-90.57835291760162,46.801579610498834,,,,14.6,NGA,24.0,2.0,NGA,0.83125,NGA
尼加拉瓜,NIC,5690.0,26.4080009460449,3.9,48.511423850045745,38.767508626839124,,,,20.1,NIC,20.0,,,1.0599999999999998,NIC
荷兰,NLD,59250.0,12.9115495681763,,35.02100765364129,46.802204683556425,0.2,,28.6,2.5,NLD,82.0,3.0,NLD,1.0227777777777778,NLD
挪威,NOR,72430.0,17.2820606231689,,-494.81574777481774,48.384603544571,0.3,,28.5,2.5,NOR,85.0,2.0,NOR,1.0955555555555554,NOR
尼泊尔,NPL,4160.0,19.1284999847412,3.9,16.67706471383556,56.037378171696005,15.0,,32.8,10.5,NPL,33.0,,,0.9222222222222224,NPL
瑙魯,NRU,20740.0,,,,,,,,,,,,,1.0,NRU
新西兰,NZL,44300.0,17.7527408599854,,19.47815263060601,47.96962848189834,,,,2.5,NZL,88.0,6.0,NZL,1.086875,NZL
经合组织成员,OED,46271.74547975387,13.1901397705078,,26.909432235018993,44.507170795362136,,,,3.1923952666892497,,,,,,
阿曼,OMN,48230.0,,,-205.86980717924254,15.854830635280189,,,,9.1,OMN,52.0,2.0,OMN,1.1273684210526316,OMN
其他小国,OSS,24478.466184188834,15.115309715271,3.35,4.6109605449940405,38.222916143567566,,,,16.73600230521755,,,,,,
巴基斯坦,PAK,4800.0,15.0634803771973,3.2,24.12316878268834,22.445041690124707,8.3,,32.6,15.9,PAK,28.0,2.0,PAK,0.8406666666666667,PAK
巴拿马,PAN,30570.0,,,82.77611399814545,41.30255188368747,4.5,,51.7,11.8,PAN,36.0,5.0,PAN,1.1118181818181818,PAN
秘鲁,PER,12820.0,18.2359199523926,,-3.737478039107582,46.0538983654129,5.5,,45.5,8.8,PER,36.0,3.0,PER,0.986875,PER
菲律宾,PHL,10220.0,,,45.76800308299209,39.70174009826245,,,,13.8,PHL,33.0,5.0,PHL,1.0833333333333333,PHL
帕劳,PLW,19680.0,,,,,,,,,,,,,,
巴布亚新几内亚,PNG,4290.0,,2.8,,48.88838336074499,,,,25.2,PNG,31.0,1.0,PNG,0.7175,PNG
波兰,POL,33000.0,11.5979404449463,,33.21091616346198,44.91281591567432,0.4,,33.2,2.5,POL,56.0,3.0,POL,1.1052941176470588,POL
預人口紅利,PRE,3592.588512817205,16.74405002593995,3.1382352941176466,-94.44970092073417,44.98356281434981,,,,23.297988317706654,,,,,,
波多黎各,PRI,24470.0,,,,43.16498469634414,,,,,,,,,1.14,PRI
葡萄牙,PRT,35230.0,11.0554304122925,,78.04271588681509,49.27639641138915,0.8,,36.3,2.5,PRT,62.0,4.0,PRT,1.051111111111111,PRT
巴拉圭,PRY,12760.0,18.7624092102051,,-36.93956313474093,41.24497384909208,5.2,,52.3,9.2,PRY,30.0,,,1.0675,PRY
约旦河西岸和加沙,PSE,7660.0,17.8052101135254,,,20.22688855726319,0.8,,35.3,,,,,,1.1115,PSE
太平洋岛国,PSS,7455.830504473056,,3.18,,40.97787728331061,,,,9.8556483281954,,,,,,
人口紅利之後,PST,51424.885188402935,12.6205053329468,3.7,29.722733049252504,45.99702762698637,,,,2.542681918784198,,,,,,
卡塔尔,QAT,132440.0,13.8172702789307,,-398.99118670081685,13.83700228247935,,,,,QAT,63.0,,,1.3352941176470587,QAT
罗马尼亚,ROU,31610.0,10.4609603881836,,22.991810815104422,44.2667779937992,6.5,,36.9,2.5,ROU,45.0,1.0,ROU,1.0572222222222225,ROU
俄罗斯联邦,RUS,29110.0,,,-77.8561096295228,48.804891255510775,0.1,,40.9,2.5,RUS,29.0,4.0,RUS,1.050769230769231,RUS
卢旺达,RWA,2240.0,17.548059463501,4.3,,51.83177753591251,63.2,,47.2,35.3,RWA,53.0,,,0.9694117647058824,RWA
南亚,SAS,6462.295051938572,14.80666971206665,3.5375,32.69210781932501,24.142777502127394,26.0,,,15.905310352924733,,,,,,
沙特阿拉伯,SAU,58220.0,,,-186.5097205773066,20.87634116719675,,,,5.9,SAU,53.0,3.0,SAU,1.011111111111111,SAU
苏丹,SDN,4660.0,,2.5,-8.993080228910909,30.441265284180403,,,,16.5,SDN,20.0,1.0,SDN,0.9730769230769232,SDN
塞内加尔,SEN,3420.0,25.7423496246338,3.7,52.69248699066511,40.19755978415115,,,,12.0,SEN,43.0,1.0,SEN,0.8461538461538461,SEN
新加坡,SGP,90320.0,31.3717498779297,,97.70144276335907,41.810944059026575,,,,,SGP,85.0,1.0,SGP,1.04,SGP
所罗门群岛,SLB,2740.0,27.6322002410889,2.7,,48.77964604725555,,,,19.1,SLB,43.0,,,0.94875,SLB
塞拉利昂,SLE,1750.0,35.0058288574219,3.3,,50.54497295935698,,,,28.8,SLE,34.0,,,0.99,SLE
萨尔瓦多,SLV,8690.0,15.8184099197388,,49.23546573258296,42.74541873769108,5.7,,43.5,11.1,SLV,34.0,1.0,SLV,1.0164705882352942,SLV
塞尔维亚,SRB,18530.0,10.1795701980591,,32.39998777813628,44.37497800998529,,,,4.2,SRB,38.0,,,1.0905555555555555,SRB
撒哈拉以南非洲地区（不包括高收入）,SSA,3915.426889410693,17.611804962158203,3.2589743589743585,-48.12737029537663,46.58871452337795,,,,20.341076570732625,,,,,,
撒哈拉以南非洲地区,SSF,3917.5243857980718,17.611804962158203,3.2589743589743585,-48.127370295376615,46.58871452337795,47.5,,,20.34107657073263,,,,,,
小国,SST,21473.29282768092,15.115309715271,3.38,4.6109605449940405,39.28391886165399,,,,14.132742511211427,,,,,,
圣多美和普林西比,STP,4250.0,20.1165409088135,3.1,,35.34729813572843,35.6,,56.3,14.9,STP,45.0,,,1.024,STP
苏里南,SUR,17790.0,,,-25.245250201382234,40.786572126475775,,,,8.7,SUR,39.0,,,1.1044444444444443,SUR
斯洛伐克共和国,SVK,31410.0,10.0485095977783,,65.1845280149586,45.552406577500356,1.3,,28.1,5.9,SVK,52.0,,,1.0922222222222222,SVK
斯洛文尼亚,SVN,40060.0,11.3872203826904,,48.97976161997901,46.567762958118244,0.0,,26.2,2.5,SVN,57.0,1.0,SVN,1.106111111111111,SVN
瑞典,SWE,56740.0,15.6861000061035,,34.995935958764534,47.70300778696979,0.7,,30.0,2.5,SWE,85.0,1.0,SWE,1.137222222222222,SWE
瑞典,SWE,56740.0,15.6861000061035,,34.995935958764534,47.70300778696979,0.7,,30.0,2.5,SWE,85.0,6.0,SWE,1.137222222222222,SWE
斯威士兰,SWZ,8470.0,24.7954406738281,,,49.549250678711,,,,20.7,SWZ,32.0,,,0.944,SWZ
圣马丁(荷属),SXM,38380.0,,,,,,,,,,,,,1.7,SXM
塞舌尔,SYC,27700.0,12.5869798660278,,,,,,,,SYC,70.0,,,1.1583333333333334,SYC
乍得,TCD,1760.0,16.3627490997314,3.0,,42.249035103092154,,,,36.3,TCD,20.0,,,0.5017647058823529,TCD
东亚与太平洋地区 (IBRD与IDA),TEA,15194.884376390739,16.59064960479735,3.2636363636363637,7.974699377838891,43.98334135176861,,,,5.510821637370076,,,,,,
欧洲与中亚地区 (IBRD与IDA),TEC,23509.22299953307,12.85116481781005,3.755555555555556,55.52708265300989,44.83509100158748,,,,2.90794174852407,,,,,,
多哥,TGO,2230.0,23.1400394439697,3.7,23.98470871737289,48.916834838640035,,,,21.6,TGO,30.0,1.0,TGO,0.6626666666666666,TGO
泰国,THA,18530.0,22.6302394866943,,42.473182982131824,46.40791071579731,0.1,,39.4,10.0,THA,35.0,2.0,THA,1.0157142857142858,THA
塔吉克斯坦,TJK,4500.0,18.6575908660889,3.5,36.245495576600064,38.2491503524385,,,,,TJK,25.0,,,0.8218181818181818,TJK
土库曼斯坦,TKM,15600.0,,,-108.27112297791545,41.68738381343338,,,,5.0,TKM,19.0,,,0.9266666666666666,TKM
拉丁美洲与加勒比海地区 (IBRD与IDA),TLA,16007.767268511758,17.577299118042,3.5555555555555554,6.611815932493566,41.90473193850214,,,,7.818051664152189,,,,,,
东帝汶,TLS,9050.0,9.15421009063721,2.9,,45.59545288381033,,,,32.5,TLS,41.0,,,0.9792307692307692,TLS
中东与北非地区 (IBRD与IDA),TMN,11313.406667616528,,3.2,-54.772274381730234,21.37520837179649,,,,11.824046742182286,,,,,,
汤加,TON,7260.0,,3.4,,41.608020823291234,,,,,,,,,1.005,TON
南亚 (IBRD与IDA),TSA,6462.295051938572,14.80666971206665,3.5375,32.69210781932501,24.142777502127394,,,,15.905310352924733,,,,,,
撒哈拉以南非洲地区 (IBRD与IDA),TSS,3917.5243857980713,17.611804962158203,3.2589743589743585,-48.127370295376636,46.58871452337795,,,,20.341076570732625,,,,,,
特立尼达和多巴哥,TTO,29040.0,,,-102.6627373304638,42.6992106253896,,,,9.2,TTO,41.0,,,0.98,TTO
突尼斯,TUN,11410.0,24.846830368042,,36.19587141611359,28.876950452527932,2.0,,35.8,3.4,TUN,44.0,3.0,TUN,1.131875,TUN
土耳其,TUR,27550.0,,,75.2078800411834,33.36064930933729,0.8,,42.9,2.5,TUR,38.0,4.0,TUR,0.9035714285714286,TUR
图瓦卢,TUV,6430.0,,,,,3.3,,39.1,,,,,,1.0642857142857145,TUV
坦桑尼亚,TZA,2810.0,24.3965396881104,3.8,11.287573408441045,49.17653440129466,,,,29.5,TZA,39.0,1.0,TZA,0.866111111111111,TZA
乌干达,UGA,2260.0,13.6113700866699,3.7,,49.47158382620785,,,,,UGA,27.0,,,0.8742857142857143,UGA
乌克兰,UKR,13510.0,15.8142499923706,,40.406057875987415,50.414452588083215,0.0,,26.6,2.5,UKR,32.0,2.0,UKR,1.0516666666666663,UKR
中高等收入国家,UMC,17832.945231456968,14.623469829559351,3.730769230769231,28.00817540414526,43.810643613562355,8.0,,,4.1364900289591215,,,,,,
乌拉圭,URY,22850.0,17.6779003143311,,59.7019820779526,46.51075238217201,0.2,,44.5,2.5,URY,73.0,1.0,URY,1.0875,URY
美国,USA,66120.0,,,22.209200898212714,46.29959035472655,1.2,,41.5,2.5,USA,67.0,28.0,USA,1.0883333333333334,USA
乌兹别克斯坦,UZB,7750.0,,3.9,-17.49611633110655,40.99912117062956,,,,5.4,UZB,28.0,,,0.893157894736842,UZB
圣文森特和格林纳丁斯,VCT,12910.0,20.1484107971191,3.8,,41.32447954055994,,,,5.7,VCT,59.0,,,1.05,VCT
委内瑞拉玻利瓦尔共和国,VEN,17090.0,,,-166.05223799363398,40.224579755311076,,,,27.4,VEN,14.0,5.0,VEN,1.0375,VEN
越南,VNM,8150.0,18.7849903106689,4.1,-12.690358518051587,48.007113560375686,4.0,,39.3,11.0,VNM,39.0,1.0,VNM,0.971,VNM
越南,VNM,8150.0,18.7849903106689,4.1,-12.690358518051587,48.007113560375686,4.0,,39.3,11.0,VNM,39.0,2.0,VNM,0.971,VNM
瓦努阿图,VUT,3530.0,,3.2,,43.66091015394725,13.2,,37.6,9.6,VUT,45.0,,,0.992,VUT
世界,WLD,17460.96908685357,14.6421446800232,3.3324675324675335,20.969042498325916,39.45969484949081,16.0,,,9.4,,,,,,
萨摩亚,WSM,6620.0,,3.9,,35.04285374176653,,,,4.7,,,,,1.1464285714285716,WSM
科索沃,XKX,12070.0,,3.4,28.989955489590763,,2.5,,33.3,,,,,,,
也门共和国,YEM,3920.0,,3.1,-120.62967397686238,12.941400960260289,,,,46.6,YEM,16.0,1.0,YEM,0.5783333333333333,YEM
南非,ZAF,13930.0,19.682710647583,,-14.483553291849043,44.918506531087154,18.7,,63.4,6.5,ZAF,44.0,6.0,ZAF,1.0523076923076924,ZAF
赞比亚,ZMB,3550.0,20.1000003814697,3.5,8.292942909535613,48.35385153222072,65.8,,57.1,,ZMB,33.0,,,0.98,ZMB
津巴布韦,ZWE,3950.0,30.0151500701904,3.7,15.309013006354505,51.62780735846728,,,,,ZWE,23.0,,,0.8474999999999999,ZWE
吉布提,DJI,,13.991530418396,3.4,,26.310408627639028,,,,22.9,DJI,30.0,1.0,DJI,0.8957142857142857,DJI
摩纳哥,MCO,,8.87594985961914,,,,,,,,,,,,,
圣马力诺,SMR,,15.0599203109741,,,,,,,,,,,,1.012222222222222,SMR
古巴,CUB,,,,57.465748951982995,38.567313737377276,,,,2.5,CUB,46.0,,,1.108,CUB
直布罗陀,GIB,,,,100.0,,,,,,,,,,0.985,GIB
朝鲜民主主义人民共和国,PRK,,,,-10.218029951342453,49.174042000203,,,,43.0,PRK,16.0,,,0.7675000000000001,PRK
阿拉伯叙利亚共和国,SYR,,,,47.83373500266329,18.628952091727875,,,,,SYR,13.0,,,0.9381818181818182,SYR
海峡群岛,CHI,,,,,44.38076138603708,,,,,,,,,,
关岛,GUM,,,,,45.58570744216192,,,,,,,,,,
新喀里多尼亚,NCL,,,,,46.03904497303401,,,,8.5,,,,,,
法属波利尼西亚,PYF,,,,,43.496791179858484,,,,4.0,,,,,0.96,PYF
索马里,SOM,,,,,31.350255068092093,,,,81.7,SOM,13.0,,,,
南苏丹,SSD,,,,,49.53565678239799,,,,,SSD,11.0,,,0.625,SSD
美属维京群岛,VIR,,,,,48.30628222264655,,,,,,,,,0.95,VIR
,,,,,,,,,,,TWN,68.0,,,,
,,,,,,,,,,,KSV,39.0,,,,
,,,,,,,,,,,,,1.0,Guadaloupe,,
,,,,,,,,,,,,,5.0,Malasyia,,
,,,,,,,,,,,,,1.0,Netherlands Antilles,,
,,,,,,,,,,,,,1.0,REU,,
,,,,,,,,,,,,,3.0,TWN,,
,,,,,,,,,,,,,1.0,Tunesia,,
,,,,,,,,,,,,,,,1.0842857142857143,AIA
,,,,,,,,,,,,,,,1.0863636363636362,VGB
,,,,,,,,,,,,,,,1.01375,COK
,,,,,,,,,,,,,,,0.7378571428571429,C魌e d扞voire
,,,,,,,,,,,,,,,1.005,GUF
,,,,,,,,,,,,,,,1.09,GLP
,,,,,,,,,,,,,,,0.778,LIE
,,,,,,,,,,,,,,,1.02,MTQ
,,,,,,,,,,,,,,,1.149,MSR
,,,,,,,,,,,,,,,1.075,NIU
,,,,,,,,,,,,,,,1.03,R閡nion
,,,,,,,,,,,,,,,0.99,SHN
,,,,,,,,,,,,,,,1.16,SPM
,,,,,,,,,,,,,,,1.01,TKL
,,,,,,,,,,,,,,,1.0833333333333333,TCA
